<?xml version="1.0" encoding="UTF-8" standalone="yes"?>
<addon id="plugin.video.dragon.sports"
       name="Dragon Sports"
       version="1.0.1"
       provider-name="Unknown">
  <requires>
    <import addon="xbmc.python" version="2.1.0"/>
	<import addon="script.module.beautifulsoup" version="3.0.8"/>
    <import addon="script.module.simplejson" />
  </requires>
  <extension point="xbmc.python.pluginsource"
            library="default.py">
        <provides>video</provides>
  </extension>
  <extension point="xbmc.addon.metadata">
    <summary>Dragon Sports</summary>
    <description>Watch Live Sporting Events from your Dragon Box</description>
    <platform>all</platform>
  </extension>
</addon>
