<?xml version="1.0" encoding="UTF-8"?>
<addon
  id="plugin.video.dragon.streams"
  version="1.9.0"
  name="DragonStreams"
  provider-name="Unknown">
  <requires>
   <import addon="xbmc.python" version="2.1.0"/>
   <import addon="script.common.plugin.cache" version="0.9.1"/>
  </requires>
  <extension 
    point="xbmc.python.pluginsource"
    library="default.py">
   <provides>video</provides>
  </extension>
  <extension point="xbmc.addon.metadata">
    <summary>DragonStreams</summary>
    <description>DragonStreams</description>
    <platform>all</platform>
  </extension>
</addon>