﻿<?xml version="1.0" encoding="UTF-8" standalone="yes"?>
<addon id="plugin.video.pug"
	name="The Pug Head Tilt Pugs!"
	version="1.0.3"
	provider-name="Dragon Streams">
  <requires>
    <import addon="xbmc.python" version="2.1.0"/>
    <import addon="plugin.video.youtube" version="3.0.0"/>
  </requires>
  <extension point="xbmc.python.pluginsource" library="default.py">
    <provides>video</provides>
  </extension>
  <extension point="xbmc.addon.metadata">
    <summary lang="en">The Pug Head Tilt Pugs!</summary>
    <description lang="en">Head-tilting pugs extraordinaire! You may have witnessed our antics on The Tonight Show, Ellen, Regis & Kelly, GMA, Animal Planet & YouTube. Support Pug Rescue!</description>
    <platform>all</platform>
    <forum>http://forum.none.com</forum>
    <website>http://www.thedragonbox.com/</website>
  </extension>
</addon>
