<?xml version="1.0" encoding="UTF-8" standalone="yes"?>
<addon id="repository.dragonstreams" name="DragonStreams Repo" version="1.0" provider-name="DragonStreams">
	<extension point="xbmc.addon.repository" name="DragonStreams">
		<info compressed="false">http://bitbucket.org/DragonStreams/dragonstreamsrepo/raw/master/addons.xml</info>
		<checksum>http://bitbucket.org/DragonStreams/dragonstreamsrepo/raw/master/addons.xml.md5</checksum>
		<datadir zip="true">http://bitbucket.org/DragonStreams/dragonstreamsrepo/raw/master/zips</datadir>
	</extension>
	<extension point="xbmc.addon.metadata">
		<summary>Repo for DragonStreams</summary>
		<description>Repo for DragonStreams</description>
		<platform>all</platform>
	</extension>
</addon>

