﻿<?xml version="1.0" encoding="UTF-8" standalone="yes"?>
<addon id="plugin.video.surfer"
	name="Surfer Magazine"
	version="1.0.3"
	provider-name="DragonBox">
  <requires>
    <import addon="xbmc.python" version="2.1.0"/>
    <import addon="plugin.video.youtube" version="3.0.0"/>
  </requires>
  <extension point="xbmc.python.pluginsource" library="default.py">
    <provides>video</provides>
  </extension>
  <extension point="xbmc.addon.metadata">
    <summary lang="en">Surfer Magazine</summary>
    <description lang="en">The magazine was founded by John Severson in 1959 as a program to accompany his yearly surf films. Severson's photography, art and sense of humour set the pace for the future of Surfer, which quickly grew to be a reflection of the sport and culture, as well as a sounding board for surfers and environmental activists. Since 1959, Surfer Magazine has used its publication as a means of bringing readers a slice of the entire surfing world. Its editor-in-chief is Brendon Thomas; the photo editor is Grant Ellis.</description>
    <platform>all</platform>
    <forum>http://www.xbmchub.com/forums/official-xbmc-hub-repo/</forum>
    <website>http://www.thedragonbox.com/</website>
  </extension>
</addon>
