﻿<?xml version="1.0" encoding="UTF-8" standalone="yes"?>
<addon id="plugin.video.devinsupertramp"
	name="DevinSuperTramp"
	version="1.0.3"
	provider-name="DragonBox">
  <requires>
    <import addon="xbmc.python" version="2.1.0"/>
    <import addon="plugin.video.youtube" version="3.0.0"/>
  </requires>
  <extension point="xbmc.python.pluginsource" library="default.py">
    <provides>video</provides>
  </extension>
  <extension point="xbmc.addon.metadata">
    <summary lang="en">DevinSuperTramp</summary>
    <description lang="en">High Quality fun videos filmed by Devin Graham</description>
    <platform>all</platform>
    <website>http://www.thedragonbox.com/</website>
  </extension>
</addon>
